131,chrII,29567,+,YBL100W-A
131,chrII,29572,+,YBL100W-A
131,chrII,29575,+,YBL100W-A
131,chrII,29576,+,YBL100W-A
131,chrII,29582,+,YBL100W-A
131,chrII,29572,+,YBL100W-A
131,chrII,29576,+,YBL100W-A
224,chrII,220888,+,YBL005W-A
224,chrII,220890,+,YBL005W-A
224,chrII,220904,+,YBL005W-A
224,chrII,220915,+,YBL005W-A
224,chrII,220918,+,YBL005W-A
224,chrII,220929,+,YBL005W-A
224,chrII,220932,+,YBL005W-A
224,chrII,220937,+,YBL005W-A
224,chrII,220939,+,YBL005W-A
224,chrII,220945,+,YBL005W-A
224,chrII,220948,+,YBL005W-A
224,chrII,220959,+,YBL005W-A
224,chrII,220971,+,YBL005W-A
224,chrII,220977,+,YBL005W-A
224,chrII,220888,+,YBL005W-A
224,chrII,220904,+,YBL005W-A
224,chrII,220935,+,YBL005W-A
224,chrII,220937,+,YBL005W-A
224,chrII,220948,+,YBL005W-A
224,chrII,220977,+,YBL005W-A
224,chrII,220922,+,YBL005W-A
224,chrII,220932,+,YBL005W-A
224,chrII,220945,+,YBL005W-A
224,chrII,220971,+,YBL005W-A
225,chrII,221295,+,YBL005W-A
225,chrII,221300,+,YBL005W-A
225,chrII,221302,+,YBL005W-A
225,chrII,221314,+,YBL005W-A
225,chrII,221316,+,YBL005W-A
225,chrII,221319,+,YBL005W-A
225,chrII,221323,+,YBL005W-A
225,chrII,221329,+,YBL005W-A
225,chrII,221335,+,YBL005W-A
225,chrII,221340,+,YBL005W-A
225,chrII,221355,+,YBL005W-A
225,chrII,221428,+,YBL005W-A
225,chrII,221450,+,YBL005W-A
225,chrII,221457,+,YBL005W-A
225,chrII,221275,+,YBL005W-A
225,chrII,221289,+,YBL005W-A
225,chrII,221300,+,YBL005W-A
225,chrII,221317,+,YBL005W-A
225,chrII,221332,+,YBL005W-A
225,chrII,221333,+,YBL005W-A
225,chrII,221362,+,YBL005W-A
225,chrII,221373,+,YBL005W-A
225,chrII,221376,+,YBL005W-A
225,chrII,221378,+,YBL005W-A
225,chrII,221382,+,YBL005W-A
225,chrII,221384,+,YBL005W-A
225,chrII,221389,+,YBL005W-A
225,chrII,221457,+,YBL005W-A
225,chrII,221459,+,YBL005W-A
225,chrII,221293,+,YBL005W-A
225,chrII,221301,+,YBL005W-A
225,chrII,221302,+,YBL005W-A
225,chrII,221304,+,YBL005W-A
225,chrII,221306,+,YBL005W-A
225,chrII,221329,+,YBL005W-A
225,chrII,221355,+,YBL005W-A
225,chrII,221359,+,YBL005W-A
225,chrII,221432,+,YBL005W-A
619,chrIII,84535,+,YCL019W
619,chrIII,84535,+,YCL019W
620,chrIII,84646,+,YCL019W
621,chrIII,84724,+,YCL019W
621,chrIII,84751,+,YCL019W
622,chrIII,85090,+,YCL020W
622,chrIII,85107,+,YCL020W
622,chrIII,85126,+,YCL020W
622,chrIII,85133,+,YCL020W
622,chrIII,85090,+,YCL020W
622,chrIII,85088,+,YCL020W
622,chrIII,85121,+,YCL020W
1420,chrIV,1095555,+,YDR316W-A
1420,chrIV,1095559,+,YDR316W-A
1420,chrIV,1095562,+,YDR316W-A
1420,chrIV,1095568,+,YDR316W-A
1420,chrIV,1095572,+,YDR316W-A
1420,chrIV,1095575,+,YDR316W-A
1420,chrIV,1095590,+,YDR316W-A
1420,chrIV,1095606,+,YDR316W-A
1420,chrIV,1095628,+,YDR316W-A
1420,chrIV,1095638,+,YDR316W-A
1420,chrIV,1095643,+,YDR316W-A
1420,chrIV,1095647,+,YDR316W-A
1420,chrIV,1095651,+,YDR316W-A
1420,chrIV,1095654,+,YDR316W-A
1420,chrIV,1095656,+,YDR316W-A
1420,chrIV,1095664,+,YDR316W-A
1420,chrIV,1095667,+,YDR316W-A
1420,chrIV,1095673,+,YDR316W-A
1420,chrIV,1095675,+,YDR316W-A
1420,chrIV,1095678,+,YDR316W-A
1420,chrIV,1095553,+,YDR316W-A
1420,chrIV,1095555,+,YDR316W-A
1420,chrIV,1095562,+,YDR316W-A
1420,chrIV,1095572,+,YDR316W-A
1420,chrIV,1095575,+,YDR316W-A
1420,chrIV,1095628,+,YDR316W-A
1420,chrIV,1095654,+,YDR316W-A
1420,chrIV,1095656,+,YDR316W-A
1420,chrIV,1095662,+,YDR316W-A
1420,chrIV,1095664,+,YDR316W-A
1420,chrIV,1095667,+,YDR316W-A
1420,chrIV,1095668,+,YDR316W-A
1420,chrIV,1095673,+,YDR316W-A
1420,chrIV,1095678,+,YDR316W-A
1420,chrIV,1095567,+,YDR316W-A
1420,chrIV,1095615,+,YDR316W-A
1420,chrIV,1095638,+,YDR316W-A
1420,chrIV,1095643,+,YDR316W-A
1420,chrIV,1095647,+,YDR316W-A
1420,chrIV,1095651,+,YDR316W-A
1420,chrIV,1095660,+,YDR316W-A
1420,chrIV,1095666,+,YDR316W-A
1420,chrIV,1095675,+,YDR316W-A
1791,chrIX,205066,+,YIL082W
1791,chrIX,205068,+,YIL082W
1791,chrIX,205074,+,YIL082W
1791,chrIX,205078,+,YIL082W
1791,chrIX,205079,+,YIL082W
1791,chrIX,205083,+,YIL082W
1791,chrIX,205095,+,YIL082W
1791,chrIX,205101,+,YIL082W
1791,chrIX,205120,+,YIL082W
1791,chrIX,205126,+,YIL082W
1791,chrIX,205128,+,YIL082W
1791,chrIX,205130,+,YIL082W
1791,chrIX,205133,+,YIL082W
1791,chrIX,205136,+,YIL082W
1791,chrIX,205137,+,YIL082W
1791,chrIX,205139,+,YIL082W
1791,chrIX,205145,+,YIL082W
1791,chrIX,205147,+,YIL082W
1791,chrIX,205066,+,YIL082W
1791,chrIX,205083,+,YIL082W
1791,chrIX,205090,+,YIL082W
1791,chrIX,205096,+,YIL082W
1791,chrIX,205111,+,YIL082W
1791,chrIX,205126,+,YIL082W
1791,chrIX,205131,+,YIL082W
1791,chrIX,205137,+,YIL082W
1791,chrIX,205145,+,YIL082W
1791,chrIX,205147,+,YIL082W
1791,chrIX,205080,+,YIL082W
1791,chrIX,205086,+,YIL082W
1791,chrIX,205095,+,YIL082W
1791,chrIX,205101,+,YIL082W
1791,chrIX,205106,+,YIL082W
1791,chrIX,205109,+,YIL082W
1791,chrIX,205127,+,YIL082W
1791,chrIX,205129,+,YIL082W
1791,chrIX,205135,+,YIL082W
1791,chrIX,205136,+,YIL082W
1791,chrIX,205139,+,YIL082W
1791,chrIX,205143,+,YIL082W
1791,chrIX,205144,+,YIL082W
2407,chrVI,137885,+,YFL002W-A
2407,chrVI,137885,+,YFL002W-A
2408,chrVI,138153,+,YFL002W-A
2408,chrVI,138153,+,YFL002W-A
2793,chrVII,535100,+,YGR027W-A
2793,chrVII,535105,+,YGR027W-A
2793,chrVII,535108,+,YGR027W-A
2793,chrVII,535110,+,YGR027W-A
2793,chrVII,535113,+,YGR027W-A
2793,chrVII,535114,+,YGR027W-A
2793,chrVII,535115,+,YGR027W-A
2793,chrVII,535124,+,YGR027W-A
2793,chrVII,535129,+,YGR027W-A
2793,chrVII,535132,+,YGR027W-A
2793,chrVII,535133,+,YGR027W-A
2793,chrVII,535136,+,YGR027W-A
2793,chrVII,535137,+,YGR027W-A
2793,chrVII,535142,+,YGR027W-A
2793,chrVII,535145,+,YGR027W-A
2793,chrVII,535154,+,YGR027W-A
2793,chrVII,535159,+,YGR027W-A
2793,chrVII,535105,+,YGR027W-A
2793,chrVII,535108,+,YGR027W-A
2793,chrVII,535110,+,YGR027W-A
2793,chrVII,535111,+,YGR027W-A
2793,chrVII,535154,+,YGR027W-A
2793,chrVII,535159,+,YGR027W-A
2793,chrVII,535109,+,YGR027W-A
2793,chrVII,535112,+,YGR027W-A
2793,chrVII,535113,+,YGR027W-A
2793,chrVII,535114,+,YGR027W-A
2793,chrVII,535124,+,YGR027W-A
2793,chrVII,535128,+,YGR027W-A
2793,chrVII,535133,+,YGR027W-A
2793,chrVII,535137,+,YGR027W-A
2793,chrVII,535142,+,YGR027W-A
2793,chrVII,535150,+,YGR027W-A
2794,chrVII,535472,+,YGR027W-A
2794,chrVII,535474,+,YGR027W-A
2794,chrVII,535472,+,YGR027W-A
2794,chrVII,535473,+,YGR027W-A
2794,chrVII,535474,+,YGR027W-A
2969,chrVII,811687,+,YGR161W-A
2969,chrVII,811687,+,YGR161W-A
3157,chrVIII,143853,+,YHR020W
3157,chrVIII,143857,+,YHR020W
3157,chrVIII,143860,+,YHR020W
3157,chrVIII,143866,+,YHR020W
3157,chrVIII,143869,+,YHR020W
3157,chrVIII,143873,+,YHR020W
3157,chrVIII,143874,+,YHR020W
3157,chrVIII,143877,+,YHR020W
3157,chrVIII,143880,+,YHR020W
3157,chrVIII,143888,+,YHR020W
3157,chrVIII,143931,+,YHR020W
3157,chrVIII,143957,+,YHR020W
3157,chrVIII,143958,+,YHR020W
3157,chrVIII,143959,+,YHR020W
3157,chrVIII,143960,+,YHR020W
3157,chrVIII,143962,+,YHR020W
3157,chrVIII,143963,+,YHR020W
3157,chrVIII,143853,+,YHR020W
3157,chrVIII,143857,+,YHR020W
3157,chrVIII,143866,+,YHR020W
3157,chrVIII,143874,+,YHR020W
3157,chrVIII,143877,+,YHR020W
3157,chrVIII,143880,+,YHR020W
3157,chrVIII,143881,+,YHR020W
3157,chrVIII,143884,+,YHR020W
3157,chrVIII,143888,+,YHR020W
3157,chrVIII,143920,+,YHR020W
3157,chrVIII,143923,+,YHR020W
3157,chrVIII,143931,+,YHR020W
3157,chrVIII,143933,+,YHR020W
3157,chrVIII,143938,+,YHR020W
3157,chrVIII,143860,+,YHR020W
3157,chrVIII,143863,+,YHR020W
3157,chrVIII,143869,+,YHR020W
3157,chrVIII,143873,+,YHR020W
3157,chrVIII,143876,+,YHR020W
3157,chrVIII,143892,+,YHR020W
3157,chrVIII,143941,+,YHR020W
3157,chrVIII,143947,+,YHR020W
3157,chrVIII,143956,+,YHR020W
3157,chrVIII,143957,+,YHR020W
3157,chrVIII,143958,+,YHR020W
3157,chrVIII,143959,+,YHR020W
3157,chrVIII,143963,+,YHR020W
3522,chrX,198538,+,YJL113W
3522,chrX,198542,+,YJL113W
3522,chrX,198550,+,YJL113W
3522,chrX,198563,+,YJL113W
3522,chrX,198572,+,YJL113W
3522,chrX,198554,+,YJL113W
3675,chrX,472151,+,YJR026W
3675,chrX,472155,+,YJR026W
3675,chrX,472165,+,YJR026W
3675,chrX,472173,+,YJR026W
3675,chrX,472178,+,YJR026W
3675,chrX,472183,+,YJR026W
3675,chrX,472196,+,YJR026W
3675,chrX,472203,+,YJR026W
3675,chrX,472207,+,YJR026W
3675,chrX,472209,+,YJR026W
3675,chrX,472212,+,YJR026W
3675,chrX,472216,+,YJR026W
3675,chrX,472219,+,YJR026W
3675,chrX,472222,+,YJR026W
3675,chrX,472224,+,YJR026W
3675,chrX,472245,+,YJR026W
3675,chrX,472247,+,YJR026W
3675,chrX,472249,+,YJR026W
3675,chrX,472262,+,YJR026W
3675,chrX,472264,+,YJR026W
3675,chrX,472268,+,YJR026W
3675,chrX,472271,+,YJR026W
3675,chrX,472277,+,YJR026W
3675,chrX,472284,+,YJR026W
3675,chrX,472155,+,YJR026W
3675,chrX,472170,+,YJR026W
3675,chrX,472209,+,YJR026W
3675,chrX,472224,+,YJR026W
3675,chrX,472237,+,YJR026W
3675,chrX,472247,+,YJR026W
3675,chrX,472262,+,YJR026W
3675,chrX,472268,+,YJR026W
3675,chrX,472277,+,YJR026W
3675,chrX,472165,+,YJR026W
3675,chrX,472201,+,YJR026W
3675,chrX,472214,+,YJR026W
3675,chrX,472216,+,YJR026W
3675,chrX,472259,+,YJR026W
3675,chrX,472271,+,YJR026W
3675,chrX,472276,+,YJR026W
3675,chrX,472278,+,YJR026W
3675,chrX,472285,+,YJR026W
4835,chrXIII,10042,+,YML131W
4835,chrXIII,10048,+,YML131W
4835,chrXIII,10053,+,YML131W
4836,chrXIII,10157,+,YML131W
4836,chrXIII,10158,+,YML131W
4836,chrXIII,10160,+,YML131W
4836,chrXIII,10161,+,YML131W
4836,chrXIII,10164,+,YML131W
4836,chrXIII,10161,+,YML131W
4836,chrXIII,10162,+,YML131W
4836,chrXIII,10157,+,YML131W
4836,chrXIII,10158,+,YML131W
4836,chrXIII,10159,+,YML131W
4836,chrXIII,10160,+,YML131W
4836,chrXIII,10163,+,YML131W
4836,chrXIII,10164,+,YML131W
5444,chrXIV,182842,+,YNL247W
5444,chrXIV,182846,+,YNL247W
5444,chrXIV,182847,+,YNL247W
5444,chrXIV,182850,+,YNL247W
5444,chrXIV,182854,+,YNL247W
5444,chrXIV,182857,+,YNL247W
5444,chrXIV,182858,+,YNL247W
5444,chrXIV,182866,+,YNL247W
5444,chrXIV,182871,+,YNL247W
5444,chrXIV,182873,+,YNL247W
5444,chrXIV,182875,+,YNL247W
5444,chrXIV,182877,+,YNL247W
5444,chrXIV,182879,+,YNL247W
5444,chrXIV,182880,+,YNL247W
5444,chrXIV,182881,+,YNL247W
5444,chrXIV,182883,+,YNL247W
5444,chrXIV,182886,+,YNL247W
5444,chrXIV,182887,+,YNL247W
5444,chrXIV,182888,+,YNL247W
5444,chrXIV,182889,+,YNL247W
5444,chrXIV,182890,+,YNL247W
5444,chrXIV,182893,+,YNL247W
5444,chrXIV,182895,+,YNL247W
5444,chrXIV,182896,+,YNL247W
5444,chrXIV,182897,+,YNL247W
5444,chrXIV,182898,+,YNL247W
5444,chrXIV,182842,+,YNL247W
5444,chrXIV,182847,+,YNL247W
5444,chrXIV,182848,+,YNL247W
5444,chrXIV,182854,+,YNL247W
5444,chrXIV,182855,+,YNL247W
5444,chrXIV,182873,+,YNL247W
5444,chrXIV,182877,+,YNL247W
5444,chrXIV,182898,+,YNL247W
5444,chrXIV,182846,+,YNL247W
5444,chrXIV,182852,+,YNL247W
5444,chrXIV,182858,+,YNL247W
5444,chrXIV,182865,+,YNL247W
5444,chrXIV,182866,+,YNL247W
5444,chrXIV,182870,+,YNL247W
5444,chrXIV,182871,+,YNL247W
5444,chrXIV,182875,+,YNL247W
5444,chrXIV,182881,+,YNL247W
5444,chrXIV,182882,+,YNL247W
5444,chrXIV,182883,+,YNL247W
5444,chrXIV,182884,+,YNL247W
5444,chrXIV,182885,+,YNL247W
5444,chrXIV,182886,+,YNL247W
5444,chrXIV,182887,+,YNL247W
5444,chrXIV,182888,+,YNL247W
5444,chrXIV,182889,+,YNL247W
5444,chrXIV,182894,+,YNL247W
5444,chrXIV,182895,+,YNL247W
5444,chrXIV,182896,+,YNL247W
5845,chrXV,117629,+,YOL103W-A
5845,chrXV,117635,+,YOL103W-A
5845,chrXV,117638,+,YOL103W-A
5845,chrXV,117644,+,YOL103W-A
5845,chrXV,117652,+,YOL103W-A
5845,chrXV,117662,+,YOL103W-A
5845,chrXV,117674,+,YOL103W-A
5845,chrXV,117679,+,YOL103W-A
5845,chrXV,117681,+,YOL103W-A
5845,chrXV,117691,+,YOL103W-A
5845,chrXV,117694,+,YOL103W-A
5845,chrXV,117695,+,YOL103W-A
5845,chrXV,117629,+,YOL103W-A
5845,chrXV,117635,+,YOL103W-A
5845,chrXV,117647,+,YOL103W-A
5845,chrXV,117664,+,YOL103W-A
5845,chrXV,117665,+,YOL103W-A
5845,chrXV,117679,+,YOL103W-A
5845,chrXV,117662,+,YOL103W-A
5845,chrXV,117666,+,YOL103W-A
5845,chrXV,117668,+,YOL103W-A
5845,chrXV,117669,+,YOL103W-A
5845,chrXV,117674,+,YOL103W-A
5845,chrXV,117690,+,YOL103W-A
5846,chrXV,117972,+,YOL103W-A
5846,chrXV,117978,+,YOL103W-A
5846,chrXV,117979,+,YOL103W-A
5846,chrXV,117986,+,YOL103W-A
5846,chrXV,117987,+,YOL103W-A
5846,chrXV,117993,+,YOL103W-A
5846,chrXV,117996,+,YOL103W-A
5846,chrXV,117999,+,YOL103W-A
5846,chrXV,118002,+,YOL103W-A
5846,chrXV,117987,+,YOL103W-A
5846,chrXV,118002,+,YOL103W-A
5846,chrXV,118003,+,YOL103W-A
5846,chrXV,117988,+,YOL103W-A
5846,chrXV,117993,+,YOL103W-A
5846,chrXV,117996,+,YOL103W-A
5846,chrXV,117999,+,YOL103W-A
6346,chrXV,969605,+,YOR343W-A
6346,chrXV,969607,+,YOR343W-A
6346,chrXV,969609,+,YOR343W-A
6346,chrXV,969605,+,YOR343W-A
6346,chrXV,969607,+,YOR343W-A
6347,chrXV,969746,+,YOR343W-A
6347,chrXV,969757,+,YOR343W-A
6347,chrXV,969760,+,YOR343W-A
6347,chrXV,969763,+,YOR343W-A
6347,chrXV,969773,+,YOR343W-A
6347,chrXV,969779,+,YOR343W-A
6347,chrXV,969784,+,YOR343W-A
6347,chrXV,969790,+,YOR343W-A
6347,chrXV,969796,+,YOR343W-A
6347,chrXV,969746,+,YOR343W-A
6347,chrXV,969760,+,YOR343W-A
6347,chrXV,969773,+,YOR343W-A
6347,chrXV,969779,+,YOR343W-A
6347,chrXV,969796,+,YOR343W-A
6348,chrXV,969903,+,YOR343W-A
6348,chrXV,969928,+,YOR343W-A
6348,chrXV,969946,+,YOR343W-A
6348,chrXV,969985,+,YOR343W-A
6348,chrXV,969991,+,YOR343W-A
6348,chrXV,969994,+,YOR343W-A
6348,chrXV,970013,+,YOR343W-A
6348,chrXV,970020,+,YOR343W-A
6348,chrXV,969994,+,YOR343W-A
6348,chrXV,969927,+,YOR343W-A
6349,chrXV,970248,+,YOR343W-A
6349,chrXV,970250,+,YOR343W-A
6349,chrXV,970254,+,YOR343W-A
6349,chrXV,970259,+,YOR343W-A
6349,chrXV,970262,+,YOR343W-A
6349,chrXV,970264,+,YOR343W-A
6349,chrXV,970265,+,YOR343W-A
6349,chrXV,970266,+,YOR343W-A
6349,chrXV,970267,+,YOR343W-A
6349,chrXV,970268,+,YOR343W-A
6349,chrXV,970269,+,YOR343W-A
6349,chrXV,970271,+,YOR343W-A
6349,chrXV,970273,+,YOR343W-A
6349,chrXV,970248,+,YOR343W-A
6349,chrXV,970250,+,YOR343W-A
6349,chrXV,970254,+,YOR343W-A
6349,chrXV,970269,+,YOR343W-A
6349,chrXV,970258,+,YOR343W-A
6349,chrXV,970259,+,YOR343W-A
6349,chrXV,970263,+,YOR343W-A
6349,chrXV,970264,+,YOR343W-A
6349,chrXV,970265,+,YOR343W-A
6349,chrXV,970268,+,YOR343W-A
6349,chrXV,970270,+,YOR343W-A
6349,chrXV,970272,+,YOR343W-A
6349,chrXV,970273,+,YOR343W-A
6922,chrXVI,844296,+,YPR158W-A
6922,chrXVI,844303,+,YPR158W-A
6922,chrXVI,844313,+,YPR158W-A
6922,chrXVI,844319,+,YPR158W-A
6922,chrXVI,844320,+,YPR158W-A
6922,chrXVI,844322,+,YPR158W-A
6922,chrXVI,844323,+,YPR158W-A
6922,chrXVI,844326,+,YPR158W-A
6922,chrXVI,844327,+,YPR158W-A
6922,chrXVI,844335,+,YPR158W-A
6922,chrXVI,844340,+,YPR158W-A
6922,chrXVI,844343,+,YPR158W-A
6922,chrXVI,844345,+,YPR158W-A
6922,chrXVI,844349,+,YPR158W-A
6922,chrXVI,844351,+,YPR158W-A
6922,chrXVI,844353,+,YPR158W-A
6922,chrXVI,844354,+,YPR158W-A
6922,chrXVI,844361,+,YPR158W-A
6922,chrXVI,844365,+,YPR158W-A
6922,chrXVI,844368,+,YPR158W-A
6922,chrXVI,844316,+,YPR158W-A
6922,chrXVI,844341,+,YPR158W-A
6922,chrXVI,844347,+,YPR158W-A
6922,chrXVI,844349,+,YPR158W-A
6922,chrXVI,844354,+,YPR158W-A
6922,chrXVI,844365,+,YPR158W-A
6922,chrXVI,844368,+,YPR158W-A
6922,chrXVI,844303,+,YPR158W-A
6922,chrXVI,844319,+,YPR158W-A
6922,chrXVI,844321,+,YPR158W-A
6922,chrXVI,844323,+,YPR158W-A
6922,chrXVI,844325,+,YPR158W-A
6922,chrXVI,844326,+,YPR158W-A
6922,chrXVI,844327,+,YPR158W-A
6922,chrXVI,844333,+,YPR158W-A
6922,chrXVI,844334,+,YPR158W-A
6922,chrXVI,844335,+,YPR158W-A
6922,chrXVI,844339,+,YPR158W-A
6922,chrXVI,844342,+,YPR158W-A
6922,chrXVI,844352,+,YPR158W-A
6922,chrXVI,844353,+,YPR158W-A
6922,chrXVI,844367,+,YPR158W-A
7653,chrIII,107795,-,YCL007C
7653,chrIII,107798,-,YCL007C
7653,chrIII,107800,-,YCL007C
7653,chrIII,107811,-,YCL007C
7653,chrIII,107815,-,YCL007C
7653,chrIII,107818,-,YCL007C
7653,chrIII,107820,-,YCL007C
7653,chrIII,107815,-,YCL007C
7653,chrIII,107818,-,YCL007C
7653,chrIII,107796,-,YCL007C
7653,chrIII,107795,-,YCL007C
7653,chrIII,107811,-,YCL007C
7653,chrIII,107820,-,YCL007C
7810,chrIII,305532,-,YCR102C
7810,chrIII,305537,-,YCR102C
7810,chrIII,305536,-,YCR102C
7810,chrIII,305532,-,YCR102C
7810,chrIII,305540,-,YCR102C
7811,chrIII,305671,-,YCR102C
7811,chrIII,305675,-,YCR102C
7811,chrIII,305677,-,YCR102C
7811,chrIII,305671,-,YCR102C
8116,chrIV,519368,-,YDR034C-D
8116,chrIV,519376,-,YDR034C-D
8116,chrIV,519377,-,YDR034C-D
8116,chrIV,519383,-,YDR034C-D
8116,chrIV,519408,-,YDR034C-D
8116,chrIV,519407,-,YDR034C-D
8116,chrIV,519368,-,YDR034C-D
8116,chrIV,519406,-,YDR034C-D
8419,chrIV,1153644,-,YDR341C
8419,chrIV,1153646,-,YDR341C
8419,chrIV,1153647,-,YDR341C
8419,chrIV,1153649,-,YDR341C
8419,chrIV,1153650,-,YDR341C
8419,chrIV,1153651,-,YDR341C
8419,chrIV,1153652,-,YDR341C
8419,chrIV,1153653,-,YDR341C
8419,chrIV,1153655,-,YDR341C
8419,chrIV,1153658,-,YDR341C
8419,chrIV,1153659,-,YDR341C
8419,chrIV,1153662,-,YDR341C
8419,chrIV,1153663,-,YDR341C
8419,chrIV,1153665,-,YDR341C
8419,chrIV,1153670,-,YDR341C
8419,chrIV,1153672,-,YDR341C
8419,chrIV,1153674,-,YDR341C
8419,chrIV,1153675,-,YDR341C
8419,chrIV,1153677,-,YDR341C
8419,chrIV,1153681,-,YDR341C
8419,chrIV,1153679,-,YDR341C
8419,chrIV,1153649,-,YDR341C
8419,chrIV,1153655,-,YDR341C
8419,chrIV,1153665,-,YDR341C
8419,chrIV,1153674,-,YDR341C
8419,chrIV,1153677,-,YDR341C
8419,chrIV,1153679,-,YDR341C
8419,chrIV,1153681,-,YDR341C
8419,chrIV,1153644,-,YDR341C
8419,chrIV,1153645,-,YDR341C
8419,chrIV,1153647,-,YDR341C
8419,chrIV,1153648,-,YDR341C
8419,chrIV,1153650,-,YDR341C
8419,chrIV,1153658,-,YDR341C
8419,chrIV,1153659,-,YDR341C
8419,chrIV,1153662,-,YDR341C
8419,chrIV,1153663,-,YDR341C
8419,chrIV,1153664,-,YDR341C
8419,chrIV,1153672,-,YDR341C
8419,chrIV,1153673,-,YDR341C
8419,chrIV,1153680,-,YDR341C
9218,chrV,498656,-,YER160C
9218,chrV,498656,-,YER160C
9219,chrV,498766,-,YER160C
9219,chrV,498772,-,YER160C
9219,chrV,498784,-,YER160C
9219,chrV,498795,-,YER160C
9219,chrV,498806,-,YER160C
9219,chrV,498809,-,YER160C
9219,chrV,498811,-,YER160C
9219,chrV,498812,-,YER160C
9219,chrV,498816,-,YER160C
9219,chrV,498821,-,YER160C
9219,chrV,498826,-,YER160C
9219,chrV,498836,-,YER160C
9219,chrV,498850,-,YER160C
9219,chrV,498762,-,YER160C
9219,chrV,498809,-,YER160C
9219,chrV,498811,-,YER160C
9219,chrV,498821,-,YER160C
9219,chrV,498834,-,YER160C
9219,chrV,498765,-,YER160C
9219,chrV,498766,-,YER160C
9219,chrV,498785,-,YER160C
9219,chrV,498795,-,YER160C
9219,chrV,498796,-,YER160C
9219,chrV,498803,-,YER160C
9219,chrV,498806,-,YER160C
10281,chrVIII,549399,-,YHR214C-C
10281,chrVIII,549399,-,YHR214C-C
10282,chrVIII,549657,-,YHR214C-C
10282,chrVIII,549666,-,YHR214C-C
10282,chrVIII,549673,-,YHR214C-C
10282,chrVIII,549677,-,YHR214C-C
10282,chrVIII,549681,-,YHR214C-C
10282,chrVIII,549682,-,YHR214C-C
10282,chrVIII,549688,-,YHR214C-C
10282,chrVIII,549697,-,YHR214C-C
10282,chrVIII,549657,-,YHR214C-C
10282,chrVIII,549675,-,YHR214C-C
10282,chrVIII,549677,-,YHR214C-C
10282,chrVIII,549678,-,YHR214C-C
10462,chrX,313918,-,YJL068C
10462,chrX,313922,-,YJL068C
10462,chrX,313923,-,YJL068C
10462,chrX,313925,-,YJL068C
10462,chrX,313927,-,YJL068C
10462,chrX,313929,-,YJL068C
10462,chrX,313932,-,YJL068C
10462,chrX,313935,-,YJL068C
10462,chrX,313934,-,YJL068C
10462,chrX,313936,-,YJL068C
10462,chrX,313937,-,YJL068C
10462,chrX,313938,-,YJL068C
10462,chrX,313940,-,YJL068C
10462,chrX,313942,-,YJL068C
10462,chrX,313948,-,YJL068C
10462,chrX,313947,-,YJL068C
10462,chrX,313953,-,YJL068C
10462,chrX,313950,-,YJL068C
10462,chrX,313932,-,YJL068C
10462,chrX,313918,-,YJL068C
10462,chrX,313923,-,YJL068C
10462,chrX,313927,-,YJL068C
10462,chrX,313936,-,YJL068C
10462,chrX,313938,-,YJL068C
10462,chrX,313937,-,YJL068C
10462,chrX,313939,-,YJL068C
10462,chrX,313940,-,YJL068C
10462,chrX,313942,-,YJL068C
10462,chrX,313950,-,YJL068C
10462,chrX,313953,-,YJL068C
11659,chrXII,1060914,-,YLR460C
11659,chrXII,1060933,-,YLR460C
11660,chrXII,1061071,-,YLR460C
11660,chrXII,1061082,-,YLR460C
11660,chrXII,1061067,-,YLR460C
11660,chrXII,1061072,-,YLR460C
11841,chrXIII,362617,-,YMR046C
11841,chrXIII,362628,-,YMR046C
11841,chrXIII,362634,-,YMR046C
11841,chrXIII,362641,-,YMR046C
11841,chrXIII,362643,-,YMR046C
11841,chrXIII,362646,-,YMR046C
11841,chrXIII,362652,-,YMR046C
11841,chrXIII,362657,-,YMR046C
11841,chrXIII,362655,-,YMR046C
11841,chrXIII,362625,-,YMR046C
11841,chrXIII,362640,-,YMR046C
11841,chrXIII,362657,-,YMR046C
11841,chrXIII,362617,-,YMR046C
11841,chrXIII,362618,-,YMR046C
11841,chrXIII,362641,-,YMR046C
11841,chrXIII,362653,-,YMR046C
11845,chrXIII,379127,-,YMR051C
11845,chrXIII,379130,-,YMR051C
11845,chrXIII,379140,-,YMR051C
11845,chrXIII,379145,-,YMR051C
11845,chrXIII,379147,-,YMR051C
11845,chrXIII,379150,-,YMR051C
11845,chrXIII,379154,-,YMR051C
11845,chrXIII,379157,-,YMR051C
11845,chrXIII,379158,-,YMR051C
11845,chrXIII,379161,-,YMR051C
11845,chrXIII,379164,-,YMR051C
11845,chrXIII,379166,-,YMR051C
11845,chrXIII,379168,-,YMR051C
11845,chrXIII,379173,-,YMR051C
11845,chrXIII,379176,-,YMR051C
11845,chrXIII,379127,-,YMR051C
11845,chrXIII,379157,-,YMR051C
11845,chrXIII,379170,-,YMR051C
11845,chrXIII,379128,-,YMR051C
11845,chrXIII,379130,-,YMR051C
11845,chrXIII,379140,-,YMR051C
11845,chrXIII,379147,-,YMR051C
11845,chrXIII,379150,-,YMR051C
11845,chrXIII,379152,-,YMR051C
11845,chrXIII,379154,-,YMR051C
11845,chrXIII,379158,-,YMR051C
11845,chrXIII,379161,-,YMR051C
11845,chrXIII,379164,-,YMR051C
11845,chrXIII,379166,-,YMR051C
11845,chrXIII,379174,-,YMR051C
12368,chrXIV,373626,-,YNL134C
12368,chrXIV,373627,-,YNL134C
12368,chrXIV,373629,-,YNL134C
12368,chrXIV,373630,-,YNL134C
12368,chrXIV,373633,-,YNL134C
12368,chrXIV,373635,-,YNL134C
12368,chrXIV,373637,-,YNL134C
12368,chrXIV,373640,-,YNL134C
12368,chrXIV,373641,-,YNL134C
12368,chrXIV,373643,-,YNL134C
12368,chrXIV,373647,-,YNL134C
12368,chrXIV,373646,-,YNL134C
12368,chrXIV,373649,-,YNL134C
12368,chrXIV,373626,-,YNL134C
12368,chrXIV,373637,-,YNL134C
12368,chrXIV,373649,-,YNL134C
12368,chrXIV,373627,-,YNL134C
12368,chrXIV,373629,-,YNL134C
12368,chrXIV,373632,-,YNL134C
12368,chrXIV,373635,-,YNL134C
12368,chrXIV,373636,-,YNL134C
12368,chrXIV,373641,-,YNL134C
12368,chrXIV,373644,-,YNL134C
12368,chrXIV,373647,-,YNL134C
12368,chrXIV,373648,-,YNL134C
12983,chrXV,709784,-,YOR192C-B
12983,chrXV,709784,-,YOR192C-B
